,Individual,NumRaces
0,Jacqueleen Albanese,5
126,Jimmy Wu,5
66,Dan Collison,5
1,David Bardach,5
57,Kimberly Allen,5
55,Sean Wolfe,5
52,Michael Vecchiarelli,5
46,Alistair Smith,5
45,Kristina Siladi,5
40,Stephanie Papas,5
36,John Murphy,5
35,Sean Meissner,5
48,Colin Smith,5
98,Charles Morgan,5
2,Jesse Bardach,5
10,Kristen Esty,5
3,Raphael Bardach,5
4,Shani Bardach,5
110,Jesse Rodimon,4
71,Katie Edwards,4
100,John Murphy IV,4
59,Eran Assaf,4
32,Cheryl Lasell,4
53,Jim Westrich,4
50,Charles Trichtinger,4
114,Helene Sisti,4
43,Victoria Pomeroy,4
42,John Pomeroy,4
37,Julia Neily,4
93,Patrick McCabe,4
33,Darrel LASELL,4
13,katie faris,4
54,Chris Wolfe,4
16,Cindy Glueck,4
124,John Valentine,4
17,David Glueck,4
76,Jennifer Fullerton,3
58,Pedro Alvarez,3
61,Katie Barclay,3
62,Richard Brittain,3
30,Chizuko Horiuchi,3
105,Desislava Pomeroy,3
51,Lindsay Trichtinger,3
80,Jeff Hafner,3
103,Marie Parizo,3
101,palaniappan nagappan,3
87,Patrick Keane,3
88,Nicole Losavio,3
89,Todd MacKenzie,3
56,Misha Advena,3
31,Yusaku Horiuchi,3
120,Sarah Swanson,3
49,Ramsey Steiner,3
27,Tracy Hazen,3
8,Geoff Dunbar,3
119,Carey Stillman,3
111,Ryan Scelza,3
121,Hannah Taska,2
90,CRAIG MANNING,2
86,Robert Jones,2
28,Melissa Herman,2
9,Nancy Dunbar,2
79,Shane Greene,2
78,Thomas Gessner,2
41,Scott Pauw,2
97,Tom Moore,2
29,Michael Herron,2
74,Erin Flynn,2
127,Sarah Young,2
11,Dylan Faris,2
34,Simon Long,2
69,Denise Dabramo,2
68,Sarah craig,2
19,Betsy Gonnerman,2
15,William Finger,2
14,Megan Faris,2
112,Sherry Sidney,2
7,Gunner Currier,2
128,William Young,2
113,Melinda Siranian,2
94,Kaitlin McGowan,2
83,Andrew Heilmann,2
117,Rebecca Stanfield McCown,1
99,Jody Murphy,1
122,Lydia Tucker,1
102,Amy Olson,1
116,Donna Smyers,1
104,alyssa pearl,1
106,Niels Poulsen,1
108,Laurie Reed,1
118,Kathleen Stewart,1
109,Paqua Render,1
125,Simone Whitecloud,1
115,Timothy Smith,1
123,Jane Tully,1
107,Ginny Reed,1
65,emily cohen,1
96,Pam Moore,1
47,Charlotte Smith,1
5,Yuki Burnett,1
6,Kristen Coats,1
12,Jason Faris,1
18,Sarah Glueck,1
20,Michael Gonnerman,1
21,gabe grout,1
22,Kari Grua,1
23,Kevin Hartstein,1
24,Ava Hayden,1
25,Matthew hayden,1
26,Thomas Hayden,1
38,madison neily,1
39,Leah Nicholson,1
44,Beth Prescott,1
60,Bruce Atwood,1
95,Rebecca McKinnon,1
63,Charlie Buttrey,1
64,Kristie Carroll,1
67,Rita Coppola,1
70,Matt Delmont,1
72,Colleen Ericson,1
73,Erik Ferguson,1
75,Jen Frost,1
77,stacy Geller,1
81,Hilda Hardy,1
82,Laurie Heels,1
84,Liba Hladik,1
85,Eric James,1
91,Michele Maxson,1
92,Sarah McBride,1
129,Jenna Zaldonis,1
